{
  "perplexity_model": "openai-community/gpt2-large",
  "0": {
    "0": {
      "percent_harmful": 100.0,
      "time_per_prompt": 0.00938206712404887
    },
    "2": {
      "percent_harmful": 98.33333333333333,
      "time_per_prompt": 0.007518212000528972
    },
    "4": {
      "percent_harmful": 75.0,
      "time_per_prompt": 0.007831124464670818
    },
    "6": {
      "percent_harmful": 32.5,
      "time_per_prompt": 0.007919021447499593
    },
    "8": {
      "percent_harmful": 11.666666666666666,
      "time_per_prompt": 0.008075964450836182
    },
    "10": {
      "percent_harmful": 1.6666666666666667,
      "time_per_prompt": 0.008170229196548463
    },
    "12": {
      "percent_harmful": 0.8333333333333334,
      "time_per_prompt": 0.008633220195770263
    },
    "14": {
      "percent_harmful": 0.0,
      "time_per_prompt": 0.00841248631477356
    },
    "16": {
      "percent_harmful": 0.0,
      "time_per_prompt": 0.008833352724711101
    },
    "18": {
      "percent_harmful": 0.0,
      "time_per_prompt": 0.009047675132751464
    },
    "20": {
      "percent_harmful": 0.0,
      "time_per_prompt": 0.00910759170850118
    }
  },
  "3": {
    "0": {
      "percent_harmful": 100.0,
      "time_per_prompt": 0.007605105638504028
    },
    "2": {
      "percent_harmful": 100.0,
      "time_per_prompt": 0.010246878862380982
    },
    "4": {
      "percent_harmful": 100.0,
      "time_per_prompt": 0.07344809174537659
    },
    "6": {
      "percent_harmful": 95.0,
      "time_per_prompt": 0.34820166826248167
    },
    "8": {
      "percent_harmful": 80.83333333333333,
      "time_per_prompt": 0.8817108511924744
    },
    "10": {
      "percent_harmful": 55.00000000000001,
      "time_per_prompt": 1.5918283005555471
    },
    "12": {
      "percent_harmful": 31.666666666666664,
      "time_per_prompt": 2.2615073839823405
    },
    "14": {
      "percent_harmful": 12.5,
      "time_per_prompt": 2.6731916507085165
    },
    "16": {
      "percent_harmful": 3.3333333333333335,
      "time_per_prompt": 3.0503419160842897
    },
    "18": {
      "percent_harmful": 3.3333333333333335,
      "time_per_prompt": 3.3251199781894685
    },
    "20": {
      "percent_harmful": 0.0,
      "time_per_prompt": 3.5947132209936776
    }
  },
  "6": {
    "0": {
      "percent_harmful": 100.0,
      "time_per_prompt": 0.0071800947189331055
    },
    "2": {
      "percent_harmful": 100.0,
      "time_per_prompt": 0.009323126077651978
    },
    "4": {
      "percent_harmful": 100.0,
      "time_per_prompt": 0.07140643994013468
    },
    "6": {
      "percent_harmful": 100.0,
      "time_per_prompt": 0.34801830649375914
    },
    "8": {
      "percent_harmful": 98.33333333333333,
      "time_per_prompt": 0.9623331109682719
    },
    "10": {
      "percent_harmful": 96.66666666666667,
      "time_per_prompt": 1.9560143609841665
    },
    "12": {
      "percent_harmful": 90.83333333333333,
      "time_per_prompt": 2.9192330062389376
    },
    "14": {
      "percent_harmful": 69.16666666666667,
      "time_per_prompt": 4.091557266314824
    },
    "16": {
      "percent_harmful": 44.166666666666664,
      "time_per_prompt": 5.0246718684832254
    },
    "18": {
      "percent_harmful": 20.833333333333336,
      "time_per_prompt": 5.922948163747788
    },
    "20": {
      "percent_harmful": 11.666666666666666,
      "time_per_prompt": 6.774790118137996
    }
  },
  "9": {
    "0": {
      "percent_harmful": 100.0,
      "time_per_prompt": 0.008495680491129557
    },
    "2": {
      "percent_harmful": 100.0,
      "time_per_prompt": 0.009409211079279582
    },
    "4": {
      "percent_harmful": 100.0,
      "time_per_prompt": 0.07247212131818136
    },
    "6": {
      "percent_harmful": 100.0,
      "time_per_prompt": 0.34821407198905946
    },
    "8": {
      "percent_harmful": 100.0,
      "time_per_prompt": 0.9784241775671642
    },
    "10": {
      "percent_harmful": 99.16666666666667,
      "time_per_prompt": 1.9377036054929098
    },
    "12": {
      "percent_harmful": 99.16666666666667,
      "time_per_prompt": 3.0567540645599367
    },
    "14": {
      "percent_harmful": 95.0,
      "time_per_prompt": 4.314515924453735
    },
    "16": {
      "percent_harmful": 89.16666666666667,
      "time_per_prompt": 5.711938126881917
    },
    "18": {
      "percent_harmful": 74.16666666666667,
      "time_per_prompt": 7.151350488265355
    },
    "20": {
      "percent_harmful": 58.333333333333336,
      "time_per_prompt": 8.652354264259339
    }
  },
  "12": {
    "0": {
      "percent_harmful": 100.0,
      "time_per_prompt": 0.007294605175654094
    },
    "2": {
      "percent_harmful": 100.0,
      "time_per_prompt": 0.00974415143330892
    },
    "4": {
      "percent_harmful": 100.0,
      "time_per_prompt": 0.07196706136067708
    },
    "6": {
      "percent_harmful": 100.0,
      "time_per_prompt": 0.3572219649950663
    },
    "8": {
      "percent_harmful": 100.0,
      "time_per_prompt": 0.9858247478802998
    },
    "10": {
      "percent_harmful": 99.16666666666667,
      "time_per_prompt": 1.9528047263622283
    },
    "12": {
      "percent_harmful": 99.16666666666667,
      "time_per_prompt": 2.9876989503701528
    },
    "14": {
      "percent_harmful": 99.16666666666667,
      "time_per_prompt": 4.265180240074794
    },
    "16": {
      "percent_harmful": 97.5,
      "time_per_prompt": 5.658169521888097
    },
    "18": {
      "percent_harmful": 95.83333333333334,
      "time_per_prompt": 7.223589167992274
    },
    "20": {
      "percent_harmful": 91.66666666666666,
      "time_per_prompt": 9.19926283955574
    }
  }
}